YKR_ID,ASUKKAITA
5787548,10
5791356,13
5795168,11
5797074,33
5797075,27
5798980,37
5798981,7
5800884,6
5800886,7
5800892,6
5802787,10
5804697,14
5804698,16
5804699,17
5804700,11
5806594,35
5806601,6
5806602,6
5806603,11
5808497,35
5808498,19
5808505,9
5808507,9
5808508,25
5808509,11
5808514,7
5810401,6
5810409,27
5810411,8
5810412,29
5810413,16
5810414,7
5810418,9
5812310,11
5812311,10
5812312,31
5812313,19
5812314,17
5812315,37
5812316,9
5812361,7
5812363,156
5812364,33
5812365,33
5814215,28
5814216,10
5814220,5
5814262,20
5814264,174
5814265,24
5816114,7
5816115,13
5816119,5
5816159,5
5816160,34
5816161,32
5816162,21
5816163,312
5816164,20
5816165,28
5816166,11
5816167,18
5818007,5
5818011,7
5818012,6
5818013,6
5818026,7
5818027,9
5818053,27
5818054,45
5818058,5
5818059,74
5818060,66
5818062,61
5818063,257
5818064,61
5818065,36
5818066,19
5818067,152
5818068,97
5819868,39
5819871,8
5819874,7
5819898,8
5819903,9
5819904,8
5819906,5
5819909,5
5819910,10
5819923,41
5819924,39
5819950,28
5819951,110
5819952,50
5819956,40
5819957,55
5819958,49
5819959,33
5819960,61
5819963,136
5819964,159
5819965,169
5819966,61
5821764,32
5821793,14
5821794,35
5821795,14
5821808,5
5821811,9
5821819,28
5821820,28
5821847,93
5821848,83
5821849,19
5821851,42
5821853,76
5821854,79
5821855,141
5821856,35
5821858,8
5821859,115
5821860,93
5821861,160
5821862,126
5823658,23
5823700,41
5823702,6
5823703,16
5823705,5
5823709,14
5823710,8
5823712,5
5823742,75
5823743,83
5823744,57
5823745,79
5823746,68
5823747,129
5823748,120
5823749,16
5823750,109
5823752,76
5823753,286
5823754,168
5823755,140
5823756,182
5823757,76
5823760,23
5823762,44
5823763,36
5823764,35
5823765,11
5823766,57
5823767,7
5825550,9
5825559,5
5825560,6
5825580,10
5825591,8
5825592,9
5825593,7
5825599,6
5825602,13
5825634,12
5825635,97
5825636,145
5825637,232
5825638,138
5825639,165
5825640,248
5825642,66
5825644,9
5825645,69
5825646,118
5825647,50
5825649,77
5825652,9
5825654,92
5825655,78
5825656,84
5825657,86
5825658,87
5827442,25
5827472,7
5827473,6
5827482,7
5827483,26
5827484,16
5827485,7
5827487,8
5827488,10
5827489,19
5827490,30
5827491,7
5827492,6
5827494,25
5827495,9
5827496,12
5827497,7
5827527,47
5827528,105
5827529,70
5827530,183
5827531,148
5827532,362
5827533,99
5827534,256
5827535,162
5827537,263
5827538,58
5827542,8
5827543,72
5827544,6
5827546,89
5827547,111
5827548,47
5827549,58
5829342,9
5829347,6
5829348,11
5829349,8
5829357,8
5829365,8
5829371,13
5829372,14
5829374,8
5829375,8
5829376,31
5829377,27
5829378,20
5829379,8
5829380,12
5829381,52
5829418,62
5829419,142
5829420,164
5829421,129
5829422,248
5829423,232
5831312,232
5829424,279
5829425,326
5829426,256
5829427,200
5829428,140
5829429,39
5829430,77
5829431,110
5829432,61
5829433,128
5829434,82
5829436,75
5829437,45
5829438,9
5831231,27
5831235,5
5831236,11
5831253,15
5831254,5
5831260,9
5831261,6
5831267,6
5831269,88
5831270,11
5831271,5
5831272,8
5831307,46
5831308,86
5831309,110
5831310,152
5831311,137
5831313,221
5831314,382
5831315,522
5831316,272
5831317,173
5831318,112
5831319,187
5831320,152
5831321,73
5831322,138
5831323,66
5831325,21
5831326,109
5833106,5
5833117,19
5833118,25
5833119,13
5833134,5
5833135,6
5833145,34
5833146,52
5833153,9
5833155,90
5833156,12
5833163,7
5833164,22
5833165,8
5833166,8
5833194,74
5833195,287
5833196,392
5833197,195
5833198,124
5833199,152
5833200,367
5833201,611
5833202,279
5833203,118
5833204,141
5833205,113
5833206,148
5833208,127
5833209,40
5833212,149
5833213,16
5835004,31
5835005,6
5835008,5
5835026,13
5835031,11
5835037,9
5835038,8
5835039,6
5835049,9
5835050,30
5835051,24
5835052,12
5835080,15
5835081,44
5835082,251
5835083,550
5835084,189
5835085,32
5835086,157
5835087,257
5835088,445
5835089,209
5835090,182
5835091,90
5835092,101
5835093,8
5835094,63
5835095,49
5835097,45
5835098,32
5835099,140
5835100,48
5835101,51
5836889,16
5836890,11
5836891,9
5836892,11
5836900,16
5836901,28
5836910,6
5836911,17
5836912,16
5836914,16
5836917,15
5836918,27
5836922,7
5836923,8
5836936,5
5836939,6
5836970,82
5836971,126
5836972,134
5836973,120
5836974,198
5836975,359
5836976,170
5836979,53
5836980,68
5836981,54
5836982,85
5836983,109
5836984,78
5836985,99
5836986,146
5838774,8
5838782,6
5838785,18
5838786,23
5838791,13
5838792,6
5838794,5
5838799,8
5838802,36
5838807,8
5838808,39
5838809,9
5838843,37
5838844,37
5838850,14
5838854,159
5838855,140
5838856,132
5838857,114
5838858,8
5838859,454
5838860,609
5838861,52
5838863,147
5838864,76
5838865,12
5838866,97
5838867,149
5838868,58
5838869,109
5838870,49
5838871,43
5840655,6
5840664,7
5840667,15
5840668,22
5840669,11
5840671,16
5840673,8
5840675,8
5840683,5
5840689,14
5840690,19
5840723,32
5840724,82
5840725,317
5840726,144
5840727,18
5840731,7
5840732,133
5840733,125
5840734,126
5840736,82
5840737,77
5840738,88
5840739,41
5840740,144
5840741,335
5840742,323
5840743,218
5840745,66
5840748,64
5840749,221
5840750,161
5840751,20
5840752,64
5840753,53
5842522,9
5842537,7
5842538,11
5842545,14
5842546,37
5842547,33
5842548,16
5842549,5
5842563,14
5842566,72
5842567,78
5842568,79
5842569,53
5842570,30
5842601,19
5842602,77
5842603,114
5842604,214
5842605,229
5842606,212
5842607,29
5842611,102
5842612,234
5842613,145
5842614,260
5842615,113
5842619,40
5842620,148
5842621,82
5842622,292
5842623,157
5842627,35
5842628,114
5842629,52
5842630,82
5842631,42
5842632,13
5844370,6
5844416,38
5844417,17
5844425,8
5844426,9
5844427,17
5844440,5
5844442,41
5844443,19
5844444,88
5844445,154
5844446,99
5844447,117
5844448,139
5844449,49
5844451,15
5844452,10
5844479,82
5844480,90
5844481,179
5844482,95
5844483,143
5844484,85
5844486,16
5844490,414
5844491,138
5844492,103
5844493,331
5844494,113
5844495,108
5844496,45
5844498,133
5844499,29
5844506,22
5844507,72
5844508,30
5844509,45
5844510,6
5846273,7
5846278,6
5846294,70
5846295,86
5846315,9
5846320,46
5846321,113
5846322,142
5846323,130
5846324,159
5846325,85
5846326,43
5846327,39
5846328,52
5846329,34
5846357,42
5846358,104
5846359,89
5846360,101
5846361,136
5846362,203
5846363,216
5846364,83
5846367,35
5846368,177
5846369,170
5846370,11
5846371,345
5846372,77
5846373,124
5846374,107
5846375,86
5846376,95
5846379,66
5846380,98
5846381,10
5848124,9
5848155,7
5848156,6
5848169,24
5848170,58
5848171,48
5848172,5
5848191,7
5848193,5
5848196,64
5848197,90
5848198,336
5848199,151
5848200,116
5848201,155
5848202,38
5848203,118
5848204,71
5848205,34
5848206,13
5848234,40
5848235,134
5848236,133
5848237,46
5848238,98
5848239,118
5848240,127
5848244,81
5848245,129
5848246,116
5848247,563
5848248,60
5848249,135
5848250,90
5848251,177
5848252,132
5848253,102
5848254,12
5848255,53
5848256,101
5848257,111
5848258,124
5850030,11
5850031,5
5850044,23
5850045,75
5850046,46
5850049,32
5850050,14
5850066,10
5850071,12
5850072,81
5850073,88
5850074,159
5850075,269
5850076,129
5850077,59
5850081,6
5850110,58
5850111,139
5850112,279
5850113,166
5850114,125
5850116,91
5850117,235
5850118,129
5850119,275
5850120,197
5850121,72
5850122,112
5850123,219
5850124,99
5850125,128
5850126,134
5850127,126
5850128,54
5850129,28
5850130,92
5850131,138
5850132,136
5850133,129
5850134,46
5851920,5
5851922,27
5851923,31
5851930,6
5851940,13
5851946,64
5851947,127
5851948,106
5851949,92
5851950,340
5851951,394
5851953,17
5851954,77
5851955,95
5851956,85
5851957,32
5851958,10
5851983,28
5851984,21
5851985,73
5851986,75
5851990,361
5851991,517
5851992,427
5851993,107
5851994,535
5851995,112
5851996,103
5851997,1387
5851998,309
5851999,56
5852000,139
5852001,152
5852002,61
5852003,101
5852004,100
5852005,58
5852006,119
5852007,140
5852008,60
5853753,5
5853818,466
5853819,17
5853820,101
5853821,69
5853822,560
5853823,276
5853826,14
5853827,69
5853828,6
5853829,46
5853830,108
5853831,39
5853856,93
5853857,108
5853858,191
5853859,213
5853860,30
5853863,124
5853864,224
5853865,207
5853866,104
5853867,443
5853868,314
5853869,697
5853870,963
5853871,519
5853872,827
5853873,446
5853874,96
5853875,45
5853876,141
5853877,82
5853878,18
5853879,103
5853880,202
5853881,13
5855665,9
5855666,21
5855690,51
5855691,303
5855692,26
5855694,692
5855695,136
5855728,175
5855729,177
5855730,201
5855731,127
5855732,58
5855736,113
5855737,229
5855738,109
5855740,56
5855741,218
5855742,380
5855743,166
5855744,779
5855745,455
5855746,31
5855747,90
5855748,107
5855749,100
5855750,39
5855751,158
5855752,99
5855753,19
5855755,9
5857494,5
5857533,17
5857537,20
5857544,15
5857545,8
5857569,5
5857571,10
5857598,200
5857599,230
5857600,137
5857601,83
5857603,138
5857606,388
5857607,9
5857608,40
5857614,377
5857615,34
5857617,82
5857618,247
5857619,203
5857620,69
5857621,79
5857622,23
5857623,7
5857624,18
5857625,8
5857626,8
5859399,6
5859400,10
5859401,7
5859405,35
5859406,19
5859410,5
5859411,35
5859412,9
5859413,6
5859437,9
5859466,149
5859467,208
5859468,222
5859469,225
5859470,112
5859471,531
5859472,193
5859473,428
5859474,685
5859475,269
5859482,146
5859483,141
5859485,24
5859486,44
5859487,67
5859488,220
5859489,38
5859491,9
5859492,10
5859493,21
5861266,19
5861271,15
5861272,23
5861273,10
5861277,10
5861278,39
5861279,28
5861280,22
5861292,5
5861308,7
5861333,151
5861334,129
5861335,233
5861336,124
5861337,70
5861338,394
5861339,174
5861340,382
5861341,346
5861342,417
5861343,335
5861348,5
5861349,6
5861350,44
5863132,9
5863137,10
5863138,19
5863139,14
5863140,23
5863141,85
5863142,153
5863143,21
5863144,19
5863145,37
5863146,43
5863147,35
5863168,5
5863169,11
5863199,172
5863200,195
5863201,130
5863202,17
5863203,190
5863204,193
5863205,140
5863206,551
5863207,60
5863208,180
5863209,202
5863212,8
5863219,7
5864993,7
5865002,23
5865003,6
5865004,34
5865005,98
5865006,177
5865007,158
5865008,131
5865009,14
5865011,104
5865012,10
5865025,9
5865026,13
5865032,11
5865033,7
5865057,8
5865064,91
5865065,30
5865068,252
5865069,194
5865070,483
5865071,260
5865072,98
5865073,142
5865074,144
5865088,16
5865090,7
5865091,23
5865092,10
5866823,6
5866855,5
5866861,5
5866862,8
5866865,13
5866868,158
5866869,118
5866870,85
5866871,128
5866872,63
5866873,21
5866874,21
5866875,5
5866876,15
5866888,31
5866889,54
5866890,44
5866893,7
5866894,118
5866895,16
5866896,108
5866926,5
5866931,561
5866932,290
5866933,158
5866934,174
5866935,262
5866936,181
5866937,330
5866951,59
5866952,53
5866953,84
5866954,72
5868685,5
5868718,15
5868720,10
5868721,15
5868722,11
5868723,6
5868730,42
5868731,37
5868732,60
5868733,84
5868734,62
5868735,22
5868736,79
5868738,25
5868741,5
5868742,7
5868752,35
5868756,105
5868757,131
5868760,7
5868763,8
5868784,7
5868786,11
5868788,10
5868790,6
5868793,233
5868794,161
5868795,206
5868796,179
5868797,249
5868798,418
5868799,270
5868800,55
5868803,39
5868812,6
5868813,48
5868814,71
5868815,109
5868816,88
5870547,11
5870552,5
5870580,12
5870582,6
5870588,16
5870590,15
5870591,9
5870592,27
5870599,30
5870602,16
5870603,30
5870615,56
5870617,119
5870618,120
5870643,208
5870644,183
5870648,21
5870649,24
5870650,153
5870653,44
5870654,55
5870655,216
5870656,159
5870657,233
5870658,453
5870659,443
5870660,225
5870661,98
5870662,16
5870663,152
5870664,98
5870666,7
5870673,8
5870674,59
5870675,85
5870676,54
5870677,85
5870678,5
5872439,6
5872452,24
5872453,15
5872455,14
5872456,7
5872462,16
5872463,7
5872477,6
5872478,25
5872483,6
5872490,9
5872509,65
5872510,85
5872511,36
5872513,126
5872514,227
5872515,94
5872517,186
5872518,432
5872519,376
5872520,55
5872521,193
5872522,241
5872523,769
5872524,500
5872534,254
5872535,88
5872536,59
5872537,31
5872538,23
5872540,20
5874259,11
5874260,5
5874306,15
5874307,20
5874310,14
5874311,37
5874313,35
5874314,11
5874335,7
5874337,6
5874342,25
5874343,36
5874344,14
5874346,5
5874360,5
5874367,57
5874368,113
5874369,102
5874370,66
5874371,243
5874372,264
5874373,213
5874374,309
5874375,373
5874376,342
5874377,894
5874378,130
5874379,458
5874380,195
5874381,496
5874382,126
5874383,190
5874384,177
5874392,289
5874393,22
5874394,105
5874395,69
5874396,70
5874398,27
5874399,16
5876115,6
5876120,6
5876152,22
5876161,24
5876162,33
5876163,110
5876165,85
5876166,19
5876167,6
5876168,171
5876169,83
5876175,21
5876176,47
5876190,6
5876195,36
5876199,11
5876200,21
5876205,25
5876210,8
5876211,41
5876212,120
5876213,94
5876221,7
5876222,57
5876223,14
5876224,51
5876225,46
5876226,151
5876227,310
5876228,489
5876229,445
5876230,219
5876231,361
5876232,222
5876233,377
5876234,159
5876235,526
5876236,153
5876237,353
5876238,237
5876239,175
5876240,57
5876246,21
5876247,87
5876248,85
5876249,66
5876250,55
5876251,115
5876252,45
5878007,17
5878008,23
5878015,5
5878016,23
5878017,34
5878018,101
5878019,16
5878020,186
5878021,58
5878022,21
5878023,72
5878024,44
5878029,10
5878030,60
5878031,57
5878032,18
5878033,13
5878046,9
5878049,69
5878050,54
5878055,6
5878059,25
5878060,12
5878065,101
5878066,338
5878067,511
5878068,227
5878078,15
5878079,19
5878080,402
5878081,159
5878082,422
5878083,223
5878084,372
5878085,471
5878086,465
5878087,385
5878088,50
5878089,892
5878091,42
5878093,340
5878094,162
5878101,44
5878102,108
5878103,128
5878104,62
5878105,90
5878106,50
5878108,25
5878111,6
5878113,7
5878131,5
5879860,7
5879861,34
5879865,5
5879868,27
5879869,51
5879870,30
5879871,38
5879872,65
5879873,111
5879874,52
5879875,66
5879876,145
5879877,88
5879878,90
5879884,153
5879885,8
5879886,17
5879887,11
5879897,24
5879898,51
5879903,134
5879904,140
5879905,14
5879912,49
5879913,162
5879914,74
5879915,106
5879920,108
5879921,422
5879922,160
5879924,164
5879925,6
5879929,47
5879932,6
5879933,102
5879934,123
5879935,329
5879936,371
5879937,610
5879938,235
5879939,666
5879940,736
5879941,366
5879943,5
5879955,47
5879956,105
5879957,103
5879958,80
5879959,90
5879960,93
5879962,83
5879963,8
5879964,7
5879965,6
5881679,5
5881686,9
5881690,6
5881695,5
5881713,10
5881714,5
5881722,6
5881725,11
5881726,55
5881727,16
5881729,161
5881730,83
5881731,133
5881736,32
5881737,150
5881738,116
5881750,7
5881751,25
5881754,76
5881755,132
5881756,121
5881757,286
5881758,156
5881759,88
5881763,15
5881764,110
5881765,261
5881766,150
5881767,127
5881768,209
5881769,13
5881772,48
5881773,727
5881774,903
5881776,261
5881777,634
5881778,194
5881779,47
5881783,75
5881784,11
5881786,68
5881787,39
5881788,53
5881789,159
5881790,189
5881791,53
5881792,392
5881793,297
5881794,33
5881809,121
5881810,121
5881811,109
5881812,207
5881813,165
5881814,56
5881815,63
5881816,33
5881817,9
5881818,7
5881839,9
5881840,5
5883533,16
5883540,6
5883546,10
5883558,6
5883559,8
5883574,15
5883575,10
5883576,20
5883577,43
5883578,6
5883580,53
5883581,95
5883582,132
5883588,189
5883589,94
5883596,15
5883601,65
5883602,194
5883603,50
5883604,105
5883605,181
5883606,211
5883608,327
5883609,166
5883610,28
5883614,16
5883615,179
5883616,172
5883617,226
5883618,80
5883619,163
5883620,249
5883621,73
5883624,27
5883625,150
5883627,205
5883628,603
5883629,127
5883630,123
5883632,14
5883633,47
5883637,72
5883638,98
5883639,92
5883641,170
5883642,191
5883643,76
5883644,95
5883645,309
5883646,203
5883648,16
5883650,101
5883651,17
5883659,62
5883660,129
5883661,18
5883662,81
5883663,101
5883664,192
5883665,205
5883666,7
5883668,9
5883669,6
5883672,8
5883673,6
5883676,11
5883677,6
5883689,14
5883690,7
5885379,8
5885384,5
5885394,12
5885411,6
5885420,16
5885424,9
5885425,44
5885426,16
5885427,27
5885430,16
5885431,185
5885432,71
5885433,23
5885437,63
5885438,112
5885439,107
5885445,9
5885446,7
5885451,958
5885452,680
5885453,711
5885454,644
5885455,315
5885456,587
5885458,256
5885459,45
5885464,9
5885465,85
5885466,86
5885467,103
5885468,126
5885469,55
5885470,144
5885471,12
5885476,8
5885477,523
5885478,682
5885479,913
5885481,5
5885482,30
5885483,27
5885486,41
5885487,196
5885488,150
5885489,187
5885492,45
5885493,5
5885494,91
5885495,162
5885496,277
5885497,36
5885498,168
5885499,45
5885500,194
5885501,89
5885502,106
5885505,57
5885506,112
5885507,19
5885508,34
5885510,161
5885511,88
5885512,42
5885513,561
5885514,380
5885515,186
5885516,7
5885519,7
5885522,6
5885524,6
5885525,15
5885526,15
5885527,5
5885539,13
5885540,6
5887228,26
5887229,7
5887233,5
5887234,8
5887239,9
5887245,7
5887258,10
5887259,20
5887260,19
5887269,7
5887273,7
5887274,14
5887275,6
5887276,11
5887280,261
5887281,59
5887282,30
5887286,231
5887287,135
5887288,98
5887300,784
5887301,400
5887302,724
5887303,148
5887304,724
5887305,1034
5887306,67
5887307,24
5887308,214
5887309,183
5887313,6
5887314,101
5887315,302
5887316,128
5887317,102
5887319,144
5887320,25
5887321,11
5887322,5
5887326,179
5887327,784
5887328,576
5887329,93
5887332,26
5887335,157
5887336,284
5887337,203
5887338,221
5887340,78
5887341,269
5887342,150
5887343,124
5887344,150
5887345,70
5887346,85
5887347,86
5887349,135
5887350,153
5887351,76
5887352,32
5887353,67
5887354,171
5887355,122
5887356,19
5887357,48
5887358,60
5887359,103
5887360,147
5887361,195
5887362,621
5887363,287
5887364,171
5887366,10
5887367,20
5887368,7
5887369,17
5887370,9
5887376,5
5887380,10
5887381,17
5887389,15
5889074,8
5889075,19
5889076,10
5889079,7
5889080,6
5889081,15
5889082,19
5889106,10
5889115,16
5889116,17
5889117,5
5889121,5
5889122,15
5889127,74
5889128,191
5889129,114
5889134,124
5889135,90
5889136,15
5889144,6
5889147,27
5889148,1002
5889149,113
5889150,397
5889151,14
5889152,374
5889153,354
5889154,168
5889155,131
5889156,226
5889157,101
5889162,15
5889163,202
5889164,230
5889165,132
5889166,16
5889168,20
5889174,5
5889175,36
5889176,67
5889177,17
5889181,131
5889182,222
5889183,107
5889184,299
5889185,276
5889186,10
5889188,83
5889189,122
5889190,260
5889191,288
5889192,170
5889193,204
5889194,76
5889195,22
5889197,7
5889198,8
5889200,139
5889201,24
5889206,102
5889207,669
5889208,324
5889209,235
5889210,97
5889227,10
5889228,16
5889236,8
5889237,13
5889238,8
5890920,5
5890924,9
5890925,61
5890926,5
5890961,11
5890962,14
5890965,6
5890966,5
5890973,61
5890974,79
5890975,277
5890976,22
5890978,5
5890988,96
5890989,44
5890990,8
5890991,6
5890994,342
5890995,103
5890996,83
5890997,218
5890998,138
5890999,12
5891000,8
5891001,5
5891002,19
5891009,51
5891010,124
5891011,20
5891014,9
5891022,120
5891025,35
5891026,86
5891027,355
5891028,221
5891029,133
5891030,53
5891031,76
5891033,69
5891034,340
5891035,799
5891036,723
5891037,1063
5891038,45
5891039,172
5891040,187
5891041,137
5891042,70
5891043,48
5891046,91
5891047,84
5891050,17
5891051,47
5891052,762
5891053,337
5891054,632
5891055,47
5891082,16
5892767,33
5892768,33
5892772,10
5892801,6
5892805,12
5892811,8
5892814,13
5892817,39
5892818,171
5892819,78
5892820,64
5892831,20
5892832,159
5892833,108
5892834,156
5892835,142
5892838,311
5892839,579
5892840,493
5892841,277
5892842,597
5892845,145
5892864,125
5892865,484
5892866,162
5892867,79
5892869,10
5892870,393
5892871,298
5892872,179
5892873,296
5892874,285
5892875,321
5892876,57
5892878,213
5892879,148
5892880,447
5892881,644
5892882,204
5892883,245
5892884,231
5892885,184
5892886,346
5892887,200
5892888,229
5892889,113
5892890,94
5892895,108
5892896,787
5892897,948
5892898,103
5892899,8
5892903,6
5892906,6
5892925,42
5892926,6
5894609,38
5894610,33
5894611,38
5894612,15
5894614,18
5894615,8
5894629,5
5894639,12
5894653,35
5894654,22
5894656,35
5894657,8
5894658,8
5894659,22
5894660,78
5894661,8
5894669,115
5894670,249
5894671,176
5894672,154
5894673,117
5894674,144
5894675,91
5894676,284
5894677,135
5894678,58
5894679,26
5894681,821
5894682,900
5894683,286
5894684,536
5894687,600
5894706,14
5894707,243
5894708,480
5894709,21
5894711,46
5894712,189
5894713,355
5894714,108
5894715,215
5894716,220
5894717,194
5894718,103
5894719,41
5894720,82
5894721,156
5894722,206
5894723,397
5894724,193
5894725,256
5894726,231
5894727,237
5894728,155
5894729,154
5894730,253
5894731,221
5894732,254
5894733,5
5894734,16
5894738,945
5894739,605
5894740,142
5894741,11
5894742,7
5894747,12
5894758,5
5894759,13
5894760,13
5896450,13
5896451,5
5896452,34
5896457,11
5896478,16
5896480,9
5896481,7
5896489,15
5896490,5
5896493,5
5896496,41
5896499,6
5896502,10
5896510,186
5896511,164
5896512,231
5896513,174
5896514,187
5896515,66
5896516,284
5896517,80
5896518,193
5896519,68
5896520,22
5896523,639
5896524,542
5896525,560
5896526,471
5896528,12
5896529,305
5896531,64
5896532,75
5896534,12
5896535,11
5896549,205
5896550,511
5896551,123
5896553,89
5896554,282
5896555,355
5896556,176
5896557,97
5896558,161
5896559,277
5896560,148
5896561,189
5896562,199
5896563,241
5896564,148
5896565,97
5896566,228
5896567,96
5896568,193
5896569,121
5896570,172
5896571,166
5896572,161
5896573,387
5896574,157
5896575,109
5896577,28
5896578,62
5896579,41
5896580,533
5896581,354
5896582,22
5896588,22
5896599,31
5896600,90
5896601,107
5896602,16
5898289,12
5898290,21
5898291,12
5898319,7
5898320,18
5898321,27
5898322,10
5898332,22
5898337,10
5898342,18
5898343,18
5898347,12
5898350,9
5898351,47
5898353,145
5898354,195
5898355,324
5898356,161
5898357,152
5898358,43
5898359,102
5898360,167
5898361,161
5898362,59
5898364,579
5898365,430
5898366,267
5898367,727
5898368,114
5898369,171
5898370,598
5898373,102
5898374,51
5898375,64
5898376,5
5898391,477
5898392,311
5898393,8
5898394,311
5898395,349
5898396,239
5898397,325
5898398,133
5898399,207
5898400,141
5898401,324
5898402,102
5898403,153
5898404,218
5898405,116
5898406,130
5898407,95
5898408,74
5898409,318
5898410,168
5898411,172
5898412,206
5898413,203
5898414,203
5898415,83
5898416,42
5898418,20
5898419,233
5898420,218
5898421,6
5898422,85
5898428,8
5898440,67
5898441,89
5898442,91
5898443,26
5898444,11
5900129,7
5900130,5
5900143,6
5900161,9
5900168,10
5900169,21
5900171,35
5900172,19
5900179,16
5900181,12
5900185,24
5900186,128
5900187,25
5900191,5
5900192,35
5900193,149
5900194,598
5900195,218
5900196,76
5900197,149
5900198,132
5900199,156
5900200,161
5900201,108
5900203,525
5900204,602
5900205,303
5900206,448
5900208,160
5900213,276
5900226,6
5900227,118
5900228,111
5900232,73
5900233,117
5900234,298
5900235,335
5900236,219
5900237,140
5900238,141
5900239,185
5900240,236
5900241,114
5900242,169
5900243,261
5900244,164
5900246,617
5900247,21
5900248,52
5900249,8
5900250,211
5900251,285
5900252,112
5900253,171
5900254,14
5900256,151
5900257,91
5900258,172
5900259,272
5900260,96
5900261,22
5900268,12
5900279,98
5900280,19
5900281,14
5901982,5
5901983,8
5901984,6
5901999,5
5902007,8
5902010,9
5902017,13
5902018,6
5902019,17
5902020,5
5902023,96
5902024,95
5902025,107
5902026,70
5902027,8
5902029,13
5902031,42
5902032,814
5902033,358
5902034,10
5902035,113
5902036,132
5902037,111
5902038,238
5902039,109
5902041,596
5902042,428
5902043,109
5902044,681
5902045,225
5902046,132
5902047,381
5902048,9
5902051,51
5902052,180
5902063,15
5902064,218
5902065,187
5902066,145
5902067,52
5902070,144
5902071,210
5902072,340
5902073,246
5902074,131
5902075,183
5902076,245
5902077,241
5902078,332
5902079,245
5902080,306
5902081,268
5902082,237
5902083,384
5902084,699
5902091,141
5902093,81
5902094,688
5902095,99
5902096,140
5902097,206
5902098,331
5902099,122
5902106,7
5902107,5
5902108,6
5902116,5
5902117,31
5903805,10
5903821,12
5903823,17
5903833,5
5903834,18
5903835,12
5903847,10
5903851,48
5903852,32
5903853,46
5903854,8
5903856,6
5903860,66
5903861,117
5903862,140
5903863,48
5903864,40
5903868,168
5903869,183
5903870,551
5903871,218
5903872,107
5903873,63
5903874,435
5903875,692
5903876,103
5903878,351
5903879,660
5903880,260
5903881,621
5903882,7
5903883,168
5903884,491
5903885,87
5903887,16
5903900,185
5903901,142
5903902,129
5903903,173
5903904,91
5903907,51
5903908,224
5903909,194
5903910,126
5903911,229
5903912,274
5903913,183
5903914,200
5903915,169
5903916,353
5903917,456
5903918,70
5903919,623
5903920,132
5903927,98
5903928,377
5903929,241
5903930,286
5903931,520
5903932,119
5903933,69
5903934,199
5903935,113
5903936,54
5903960,14
5903961,14
5903962,18
5905642,18
5905643,12
5905657,6
5905658,8
5905659,11
5905670,33
5905671,25
5905672,15
5905688,51
5905689,53
5905690,42
5905695,68
5905696,78
5905697,77
5905698,91
5905699,31
5905700,21
5905703,42
5905704,507
5905705,366
5905706,534
5905707,706
5905708,105
5905709,27
5905710,259
5905711,101
5905714,138
5905715,300
5905716,955
5905717,420
5905718,49
5905719,538
5905720,375
5905721,39
5905722,53
5905723,149
5905724,123
5905725,176
5905726,136
5905732,29
5905735,190
5905736,208
5905737,229
5905738,120
5905739,132
5905744,185
5905745,233
5905746,150
5905747,262
5905748,282
5905749,325
5905750,320
5905751,362
5905752,371
5905753,9
5905754,278
5905755,470
5905763,539
5905764,264
5905765,723
5905769,88
5905770,142
5905771,40
5905782,8
5905791,5
5905796,11
5905797,13
5905798,6
5907477,24
5907478,10
5907479,5
5907492,10
5907493,29
5907494,11
5907505,5
5907506,6
5907521,401
5907522,307
5907523,19
5907524,14
5907528,15
5907529,121
5907530,122
5907531,134
5907532,79
5907533,111
5907534,60
5907535,12
5907537,115
5907538,249
5907539,8
5907540,219
5907541,176
5907542,54
5907543,20
5907545,9
5907548,15
5907549,238
5907550,248
5907551,150
5907552,48
5907553,454
5907554,235
5907555,28
5907556,154
5907557,142
5907558,102
5907559,241
5907560,357
5907561,87
5907562,14
5907565,288
5907566,243
5907567,74
5907568,132
5907569,221
5907570,243
5907571,291
5907572,73
5907575,19
5907578,176
5907579,211
5907580,178
5907581,256
5907582,252
5907583,347
5907584,294
5907585,496
5907586,228
5907587,197
5907589,65
5907590,41
5907591,17
5907597,118
5907598,272
5907599,493
5907600,425
5907601,137
5907617,12
5907625,11
5907629,6
5907631,24
5907632,11
5909309,8
5909310,22
5909321,9
5909324,15
5909325,14
5909344,17
5909345,5
5909351,37
5909352,95
5909353,70
5909354,197
5909360,63
5909361,122
5909362,146
5909363,139
5909364,137
5909365,127
5909366,99
5909367,43
5909371,184
5909372,98
5909373,87
5909374,86
5909375,20
5909381,254
5909382,333
5909383,643
5909384,413
5909385,215
5909386,5
5909387,65
5909388,120
5909389,69
5909390,160
5909391,126
5909392,122
5909393,213
5909394,13
5909396,124
5909397,213
5909398,161
5909399,147
5909400,161
5909401,261
5909402,232
5909403,117
5909410,152
5909411,199
5909412,191
5909413,254
5909414,242
5909415,28
5909416,317
5909417,519
5909418,349
5909419,626
5909420,100
5909421,11
5909422,122
5909423,37
5909428,5
5909429,213
5909430,293
5909431,357
5909432,619
5909433,87
5909445,5
5909446,8
5909449,15
5909450,9
5909453,13
5909457,9
5909461,7
5909465,43
5911151,5
5911152,8
5911153,14
5911156,12
5911157,10
5911181,6
5911182,48
5911183,182
5911184,38
5911185,11
5911192,82
5911193,142
5911194,148
5911195,169
5911196,209
5911197,133
5911198,105
5911199,37
5911203,81
5911204,82
5911205,58
5911206,23
5911210,188
5911213,20
5911214,280
5911215,64
5911216,77
5911217,371
5911218,19
5911220,93
5911221,60
5911222,158
5911223,116
5911224,110
5911225,141
5911228,126
5911229,189
5911230,323
5911231,283
5911232,104
5911233,196
5911234,274
5911235,135
5911236,244
5911237,65
5911238,22
5911242,79
5911243,309
5911244,225
5911245,434
5911246,137
5911247,614
5911248,362
5911249,105
5911250,373
5911251,995
5911252,106
5911253,37
5911264,91
5911265,20
5911267,24
5911268,68
5911281,10
5911282,7
5911283,7
5911285,11
5911286,14
5911292,5
5911295,24
5911296,5
5911297,21
5911298,8
5912981,5
5912982,5
5912983,11
5912984,14
5912985,5
5913011,22
5913012,76
5913013,131
5913014,147
5913015,153
5913018,70
5913021,55
5913022,173
5913023,104
5913024,163
5913025,95
5913026,141
5913027,35
5913028,104
5913029,40
5913032,104
5913033,97
5913034,77
5913035,94
5913036,12
5913039,57
5913040,228
5913041,51
5913042,12
5913043,438
5913044,250
5913045,280
5913046,614
5913047,565
5913048,58
5913049,85
5913050,35
5913053,9
5913054,232
5913055,162
5913056,79
5913058,118
5913059,74
5913060,145
5913061,277
5913062,177
5913063,245
5913064,232
5913065,105
5913066,119
5913067,211
5913068,225
5913073,124
5913074,189
5913075,15
5913076,291
5913077,808
5913078,401
5913079,285
5913080,116
5913081,197
5913082,175
5913083,55
5913084,141
5913094,8
5913095,131
5913096,274
5913097,220
5913098,244
5913099,209
5913100,79
5913101,52
5913102,195
5913103,136
5913111,16
5913112,19
5913113,6
5913115,35
5913116,8
5913117,5
5913119,9
5913121,20
5913122,18
5913126,10
5913127,19
5914812,10
5914815,9
5914817,17
5914818,12
5914819,32
5914827,5
5914839,23
5914840,148
5914841,239
5914842,159
5914843,186
5914844,156
5914847,221
5914848,413
5914849,255
5914850,190
5914851,90
5914852,109
5914853,85
5914854,104
5914855,135
5914856,127
5914857,81
5914861,36
5914862,6
5914863,77
5914864,60
5914867,37
5914868,97
5914869,312
5914870,236
5914873,354
5914874,50
5914875,593
5914876,624
5914877,111
5914878,400
5914879,546
5914880,379
5914881,104
5914882,144
5914883,238
5914884,161
5914885,49
5914886,41
5914887,152
5914888,201
5914889,179
5914890,232
5914891,243
5914892,206
5914893,231
5914894,137
5914895,241
5914896,256
5914897,176
5914901,28
5914902,146
5914903,881
5914904,487
5914905,612
5914906,466
5914907,470
5914908,137
5914909,65
5914913,95
5914914,44
5914916,6
5914922,104
5914923,177
5914924,283
5914925,245
5914926,269
5914927,250
5914928,225
5914929,137
5914930,170
5914931,154
5914932,89
5914941,31
5914942,11
5914943,5
5914944,5
5914946,17
5914947,19
5914951,6
5914952,22
5914953,23
5914954,29
5914955,44
5914956,23
5914957,18
5916644,25
5916645,43
5916646,24
5916647,16
5916662,6
5916663,7
5916666,27
5916667,87
5916668,116
5916669,267
5916670,126
5916674,247
5916675,197
5916676,226
5916677,78
5916678,143
5916679,126
5916680,56
5916681,78
5916682,141
5916683,111
5916684,141
5916685,20
5916689,39
5916690,68
5916691,154
5916692,85
5916693,229
5916694,25
5916695,111
5916696,131
5916697,91
5916698,43
5916701,754
5916702,330
5916703,194
5916704,500
5916705,395
5916706,392
5916707,321
5916708,613
5916709,134
5916710,127
5916711,188
5916712,6
5916713,98
5916714,236
5916715,201
5916716,106
5916717,250
5916718,138
5916719,296
5916720,212
5916721,70
5916722,162
5916723,137
5916724,132
5916728,40
5916729,469
5916730,666
5916731,833
5916732,229
5916733,183
5916734,339
5916735,74
5916739,375
5916740,323
5916741,114
5916748,147
5916749,533
5916750,517
5916751,330
5916752,259
5916753,192
5916754,182
5916755,107
5916756,131
5916757,147
5916758,147
5916759,293
5916777,5
5916779,10
5916780,9
5916781,22
5916782,10
5916783,23
5916784,29
5916785,6
5918466,10
5918469,9
5918470,16
5918471,46
5918473,11
5918479,35
5918480,32
5918481,6
5918491,54
5918492,279
5918493,217
5918494,8
5918495,85
5918496,20
5918497,188
5918498,34
5918499,60
5918500,221
5918501,125
5918502,165
5918503,161
5918504,150
5918505,185
5918506,147
5918507,119
5918508,224
5918509,30
5918510,136
5918514,75
5918515,132
5918516,152
5918517,169
5918518,65
5918519,360
5918520,83
5918521,151
5918522,289
5918523,402
5918529,410
5918530,970
5918531,566
5918532,693
5918533,371
5918534,402
5918535,216
5918536,242
5918537,188
5918539,31
5918540,161
5918541,76
5918542,37
5918543,108
5918544,6
5918545,9
5918546,37
5918547,101
5918548,215
5918549,257
5918550,82
5918551,73
5918555,245
5918556,449
5918557,334
5918558,82
5918559,80
5918561,204
5918562,17
5918565,195
5918566,176
5918567,8
5918574,495
5918575,216
5918576,631
5918577,364
5918578,211
5918579,174
5918580,157
5918581,215
5918582,687
5918583,626
5918584,1021
5918585,227
5918586,6
5920294,14
5920295,39
5920296,12
5920299,13
5920300,11
5920304,44
5920306,18
5920307,19
5920308,11
5920315,13
5920316,133
5920317,156
5920318,105
5920320,5
5920321,60
5920322,170
5920323,149
5920324,56
5920326,183
5920327,140
5920328,192
5920329,153
5920330,150
5920331,87
5920332,196
5920339,20
5920340,80
5920341,123
5920342,152
5920343,85
5920344,26
5920345,94
5920346,135
5920347,160
5920348,165
5920349,232
5920350,759
5920351,391
5920354,276
5920355,566
5920356,972
5920357,622
5920358,1050
5920359,297
5920360,91
5920361,33
5920362,27
5920365,163
5920366,257
5920367,307
5920368,75
5920369,167
5920370,280
5920371,239
5920372,215
5920373,200
5920374,202
5920375,252
5920376,143
5920377,69
5920380,363
5920381,545
5920382,362
5920384,356
5920385,165
5920386,58
5920387,26
5920390,9
5920398,74
5920399,578
5920400,702
5920401,110
5920402,530
5920403,365
5920404,231
5920405,211
5920406,597
5920407,801
5920408,543
5920409,428
5920410,98
5922117,11
5922118,39
5922119,35
5922120,14
5922121,14
5922123,7
5922124,23
5922130,7
5922131,8
5922132,14
5922139,152
5922140,181
5922141,75
5922142,11
5922145,106
5922146,346
5922147,101
5922150,216
5922151,116
5922152,87
5922153,338
5922154,112
5922157,10
5922158,152
5922160,5
5922163,28
5922164,189
5922165,154
5922166,250
5922167,208
5922168,380
5922169,45
5922170,462
5922171,24
5922172,170
5922173,248
5922174,169
5922175,510
5922179,280
5922180,936
5922181,271
5922182,398
5922183,17
5922189,159
5922190,243
5922191,233
5922192,237
5922193,262
5922194,242
5922195,236
5922196,98
5922197,45
5922198,30
5922199,67
5922200,193
5922201,120
5922204,19
5922205,432
5922206,350
5922208,6
5922209,318
5922210,657
5922211,576
5922212,228
5922221,96
5922222,683
5922223,577
5922224,885
5922225,151
5922226,939
5922227,390
5922228,209
5922229,128
5922230,180
5922231,428
5922232,987
5922233,638
5922234,162
5923938,6
5923939,12
5923940,5
5923941,25
5923942,67
5923943,8
5923946,30
5923947,37
5923948,6
5923949,7
5923954,16
5923961,175
5923962,174
5923963,14
5923964,31
5923965,83
5923966,55
5923967,216
5923968,243
5923970,50
5923971,199
5923972,217
5923973,262
5923974,123
5923975,241
5923976,30
5923977,328
5923978,165
5923979,543
5923980,452
5923981,236
5923982,75
5923985,44
5923986,104
5923987,92
5923988,232
5923989,197
5923990,80
5923991,191
5923992,189
5923993,101
5923994,118
5923995,240
5923996,450
5923997,459
5924001,12
5924002,90
5924003,374
5924004,53
5924006,33
5924010,11
5924011,55
5924012,157
5924013,179
5924014,100
5924015,95
5924016,52
5924017,188
5924019,166
5924020,179
5924021,22
5924022,250
5924023,166
5924024,198
5924027,158
5924030,365
5924031,533
5924032,386
5924033,263
5924034,408
5924038,101
5924043,28
5924044,323
5924045,470
5924046,564
5924047,778
5924048,706
5924049,419
5924050,502
5924051,399
5924052,451
5924053,254
5924054,403
5924055,942
5924056,758
5924057,260
5924058,126
5924076,5
5925759,29
5925760,7
5925761,6
5925765,10
5925766,37
5925767,58
5925768,5
5925769,105
5925770,35
5925771,9
5925775,7
5925777,22
5925778,37
5925780,61
5925781,99
5925782,14
5925784,66
5925785,204
5925786,261
5925787,162
5925788,98
5925790,174
5925791,345
5925792,158
5925793,313
5925794,577
5925796,214
5925797,262
5925798,186
5925799,360
5925800,212
5925801,432
5925802,57
5925806,338
5925807,238
5925808,263
5925809,334
5925810,110
5925811,127
5925812,212
5925813,109
5925814,216
5925815,200
5925816,129
5925817,180
5925821,58
5925822,511
5925823,834
5925824,648
5925825,357
5925826,860
5925827,854
5925828,417
5925832,110
5925833,586
5925834,462
5925835,495
5925836,449
5925838,284
5925839,367
5925840,373
5925841,39
5925842,169
5925843,323
5925844,301
5925845,776
5925849,523
5925850,352
5925851,517
5925852,338
5925853,454
5925854,169
5925856,331
5925857,733
5925858,971
5925859,1141
5925860,236
5925862,374
5925863,544
5925864,168
5925865,205
5925866,353
5925867,578
5925868,51
5925869,199
5925870,851
5925871,469
5925872,320
5925873,120
5925874,192
5925875,255
5925876,438
5925877,242
5925878,386
5925893,17
5925894,18
5925896,9
5927579,16
5927583,6
5927586,30
5927587,25
5927588,21
5927589,24
5927590,11
5927592,49
5927593,141
5927594,91
5927595,88
5927596,231
5927598,30
5927599,10
5927600,21
5927601,33
5927602,45
5927603,57
5927604,108
5927605,404
5927606,68
5927608,21
5927609,36
5927610,346
5927611,258
5927612,115
5927613,143
5927614,68
5927616,273
5927617,455
5927618,38
5927619,95
5927620,111
5927621,454
5927622,99
5927625,85
5927626,437
5927627,704
5927628,548
5927629,526
5927630,298
5927631,47
5927632,102
5927633,9
5927634,114
5927635,435
5927636,386
5927637,862
5927638,37
5927639,39
5927640,49
5927641,11
5927642,631
5927643,501
5927644,518
5927645,457
5927646,500
5927647,420
5927648,512
5927652,207
5927653,256
5927654,526
5927655,456
5927656,375
5927658,817
5927659,224
5927660,48
5927661,66
5927662,526
5927663,519
5927664,185
5927665,552
5927666,154
5927668,9
5927669,1004
5927670,794
5927671,191
5927672,143
5927673,752
5927674,49
5927675,318
5927676,850
5927677,258
5927678,69
5927679,605
5927680,665
5927682,477
5927683,283
5927684,654
5927685,111
5927686,512
5927687,252
5927688,382
5927689,496
5927690,106
5927691,95
5927692,232
5927693,240
5927694,11
5927695,58
5927696,81
5927697,333
5927698,254
5927715,12
5929384,8
5929399,7
5929404,46
5929405,83
5929406,35
5929407,8
5929408,94
5929409,17
5929410,74
5929411,143
5929412,208
5929413,14
5929414,71
5929415,9
5929416,12
5929420,143
5929421,157
5929422,139
5929423,270
5929424,147
5929425,30
5929426,42
5929427,33
5929428,11
5929429,48
5929430,48
5929431,128
5929432,7
5929435,221
5929436,73
5929437,50
5929438,44
5929439,200
5929440,57
5929445,272
5929446,656
5929447,416
5929448,522
5929449,13
5929450,117
5929451,97
5929452,147
5929453,194
5929454,577
5929455,246
5929456,364
5929457,61
5929458,74
5929459,29
5929461,10
5929462,353
5929463,556
5929464,550
5929465,592
5929466,483
5929467,66
5929470,62
5929471,494
5929472,472
5929473,747
5929474,139
5929475,44
5929476,172
5929477,692
5929478,352
5929479,377
5929480,251
5929481,244
5929482,208
5929483,152
5929485,146
5929486,254
5929487,803
5929488,332
5929489,7
5929491,120
5929493,433
5929494,983
5929495,214
5929496,166
5929497,390
5929498,68
5929499,26
5929500,181
5929501,18
5929502,243
5929503,445
5929504,371
5929506,292
5929507,215
5929508,127
5929509,61
5929510,267
5929511,381
5929512,212
5929513,29
5929514,47
5929515,399
5929516,430
5929517,306
5931216,6
5931219,12
5931221,40
5931222,135
5931223,45
5931224,77
5931225,131
5931226,45
5931227,220
5931228,141
5931229,5
5931236,102
5931237,160
5931238,150
5931239,118
5931240,162
5931241,43
5931242,104
5931243,125
5931244,68
5931245,26
5931246,109
5931247,135
5931248,183
5931249,28
5931252,79
5931253,94
5931254,94
5931255,112
5931262,39
5931263,624
5931264,325
5931265,587
5931266,108
5931267,99
5931268,37
5931269,228
5931270,245
5931271,272
5931272,222
5931273,381
5931274,226
5931275,49
5931280,22
5931281,536
5931282,740
5931283,810
5931284,67
5931288,297
5931289,553
5931290,409
5931291,98
5931292,40
5931293,120
5931294,336
5931295,470
5931296,279
5931297,110
5931298,223
5931299,287
5931300,131
5931302,102
5931304,395
5931306,270
5931309,106
5931310,617
5931311,497
5931312,122
5931316,231
5931317,265
5931318,129
5931319,434
5931320,605
5931321,87
5931322,14
5931323,23
5931324,240
5931325,269
5931326,157
5931327,132
5931328,11
5931329,76
5931330,93
5931331,66
5931333,327
5931334,312
5933036,35
5933037,172
5933038,108
5933039,46
5933046,264
5933047,88
5933049,6
5933051,164
5933052,68
5933053,27
5933054,50
5933055,90
5933056,96
5933057,39
5933058,99
5933059,94
5933060,36
5933061,46
5933062,142
5933063,140
5933064,71
5933068,60
5933069,148
5933070,268
5933071,316
5933072,21
5933077,363
5933078,807
5933079,678
5933080,716
5933081,130
5933082,413
5933083,887
5933084,165
5933085,172
5933087,8
5933088,14
5933089,5
5933092,14
5933094,88
5933095,28
5933097,212
5933098,470
5933099,106
5933104,334
5933105,135
5933106,153
5933107,222
5933108,478
5933109,533
5933110,150
5933111,344
5933112,246
5933113,431
5933114,232
5933116,114
5933117,496
5933122,51
5933123,157
5933125,186
5933126,214
5933127,69
5933130,63
5933131,270
5933132,166
5933133,526
5933134,371
5933135,863
5933136,668
5933137,258
5933138,184
5933139,209
5933140,136
5933141,92
5933142,126
5933143,124
5933144,140
5933145,6
5933146,46
5933147,232
5933148,161
5933149,10
5933150,36
5934840,7
5934850,36
5934851,113
5934852,118
5934853,28
5934854,36
5934855,62
5934860,37
5934861,9
5934865,38
5934866,81
5934867,56
5934868,50
5934869,72
5934870,42
5934871,28
5934872,81
5934873,20
5934874,18
5934875,113
5934876,210
5934877,144
5934878,118
5934882,92
5934883,298
5934884,466
5934885,319
5934886,159
5934887,6
5934888,9
5934890,92
5934891,206
5934892,173
5934893,193
5934894,225
5934895,35
5934896,159
5934897,86
5934898,80
5934899,169
5934901,406
5934902,308
5934903,495
5934904,86
5934905,286
5934906,294
5934908,78
5934909,467
5934910,651
5934911,555
5934912,147
5934919,97
5934920,178
5934921,163
5934922,153
5934923,116
5934924,8
5934925,127
5934926,88
5934927,102
5934930,262
5934938,8
5934939,125
5934944,40
5934945,136
5934946,249
5934947,329
5934948,375
5934949,956
5934950,913
5934951,15
5934952,108
5934953,181
5934954,177
5934955,129
5934956,135
5934957,158
5934958,146
5934959,109
5934960,18
5934963,35
5934964,242
5934965,58
5936646,6
5936647,10
5936663,123
5936664,85
5936665,14
5936666,171
5936667,110
5936668,213
5936669,13
5936681,12
5936682,57
5936683,28
5936684,11
5936685,129
5936686,98
5936687,76
5936688,89
5936689,145
5936690,117
5936694,12
5936695,154
5936696,390
5936697,268
5936698,361
5936699,876
5936700,191
5936702,147
5936703,945
5936704,969
5936705,290
5936711,140
5936712,95
5936714,479
5936715,422
5936716,48
5936717,790
5936718,773
5936719,227
5936720,6
5936721,319
5936722,580
5936723,422
5936724,580
5936725,429
5936726,243
5936732,24
5936733,18
5936735,144
5936737,124
5936738,151
5936739,373
5936740,10
5936741,7
5936743,109
5936744,36
5936750,16
5936757,248
5936758,170
5936759,136
5936760,264
5936761,154
5936762,128
5936763,479
5936764,158
5936765,379
5936766,197
5936767,257
5936768,186
5936769,141
5936770,146
5936771,159
5936772,63
5936773,45
5936774,9
5936775,35
5936776,106
5936777,286
5936778,596
5936779,528
5936780,52
5938454,6
5938459,10
5938460,8
5938464,5
5938468,7
5938475,5
5938476,31
5938477,67
5938478,215
5938479,112
5938480,269
5938481,133
5938482,7
5938492,11
5938493,225
5938494,191
5938495,77
5938496,156
5938497,189
5938498,230
5938499,137
5938500,103
5938501,102
5938502,75
5938504,135
5938505,109
5938506,33
5938507,251
5938508,272
5938509,210
5938510,255
5938511,569
5938512,330
5938514,60
5938515,186
5938516,996
5938517,881
5938519,842
5938520,480
5938526,121
5938527,97
5938528,126
5938529,347
5938530,372
5938531,12
5938532,14
5938534,51
5938535,561
5938536,463
5938537,542
5938538,11
5938544,11
5938545,6
5938546,53
5938547,436
5938548,94
5938549,329
5938550,352
5938551,993
5938552,1321
5938554,151
5938555,559
5938556,330
5938567,15
5938568,86
5938569,5
5938570,43
5938571,66
5938572,503
5938573,257
5938574,29
5938575,71
5938576,309
5938578,93
5938579,153
5938580,151
5938581,135
5938582,99
5938583,147
5938584,254
5938585,108
5938586,23
5938587,439
5938588,507
5938589,477
5938590,390
5938591,372
5938592,372
5938593,7
5940269,6
5940274,8
5940275,8
5940277,6
5940278,12
5940288,44
5940289,186
5940290,151
5940296,117
5940300,33
5940301,28
5940302,214
5940303,98
5940304,168
5940305,177
5940306,197
5940307,301
5940308,339
5940309,419
5940310,208
5940311,116
5940312,82
5940314,9
5940315,156
5940316,205
5940317,311
5940318,356
5940319,101
5940320,160
5940321,149
5940322,30
5940324,236
5940325,570
5940326,518
5940327,154
5940329,611
5940330,444
5940340,506
5940341,108
5940342,45
5940343,162
5940345,464
5940346,666
5940347,531
5940348,122
5940356,267
5940357,234
5940358,296
5940359,398
5940360,115
5940363,9
5940364,60
5940365,114
5940366,116
5940377,59
5940378,234
5940379,102
5940380,111
5940381,19
5940382,138
5940383,234
5940384,19
5940386,52
5940387,167
5940388,332
5940389,104
5940390,221
5940391,283
5940392,271
5940393,201
5940394,223
5940395,75
5940396,34
5940397,405
5940398,347
5940399,255
5940400,386
5940401,386
5940402,311
5942074,17
5942089,15
5942094,26
5942095,18
5942096,24
5942097,108
5942098,6
5942100,12
5942101,119
5942102,684
5942103,498
5942104,89
5942105,423
5942106,451
5942107,102
5942108,48
5942109,147
5942110,36
5942111,107
5942112,132
5942113,131
5942114,97
5942115,141
5942116,303
5942117,293
5942118,10
5942119,25
5942122,343
5942123,157
5942124,185
5942125,21
5942126,230
5942127,17
5942128,13
5942129,121
5942130,25
5942131,76
5942132,209
5942133,131
5942134,459
5942136,5
5942137,707
5942138,166
5942150,184
5942151,777
5942152,658
5942153,693
5942154,472
5942155,368
5942156,62
5942163,72
5942164,292
5942165,264
5942166,351
5942167,641
5942168,500
5942169,437
5942170,18
5942171,13
5942172,180
5942185,392
5942186,424
5942187,109
5942188,56
5942193,178
5942194,189
5942195,382
5942196,389
5942197,284
5942198,406
5942199,670
5942200,278
5942201,153
5942202,133
5942203,6
5942204,68
5942205,308
5942206,316
5942207,58
5942208,252
5942209,152
5942210,193
5943882,10
5943893,6
5943894,9
5943896,8
5943897,13
5943901,15
5943902,184
5943903,188
5943904,277
5943905,16
5943906,6
5943907,79
5943908,207
5943909,202
5943910,361
5943911,436
5943912,641
5943913,202
5943914,391
5943915,528
5943916,10
5943918,7
5943919,343
5943920,311
5943921,155
5943922,197
5943923,178
5943924,177
5943925,138
5943926,122
5943927,42
5943934,32
5943935,17
5943937,60
5943938,71
5943939,7
5943940,41
5943941,91
5943942,25
5943946,10
5943952,38
5943953,298
5943954,127
5943955,383
5943956,654
5943957,275
5943958,70
5943959,490
5943960,500
5943961,301
5943963,285
5943971,167
5943972,598
5943973,356
5943974,666
5943975,183
5943977,196
5943978,143
5943979,382
5943980,1287
5943981,24
5943993,288
5943994,244
5943996,8
5944000,77
5944001,507
5944002,324
5944003,57
5944004,747
5944005,333
5944006,537
5944007,643
5944008,366
5944009,105
5944010,8
5944011,18
5944012,264
5944013,321
5944014,621
5944015,608
5944016,61
5944017,123
5944018,135
5945692,13
5945693,17
5945702,25
5945703,154
5945708,8
5945709,152
5945710,133
5945711,109
5945712,5
5945714,254
5945715,418
5945716,55
5945717,629
5945718,734
5945719,462
5945720,494
5945721,259
5945722,239
5945723,177
5945724,9
5945725,736
5945726,146
5945727,184
5945728,110
5945729,74
5945730,150
5945731,185
5945732,290
5945733,6
5945739,7
5945740,26
5945744,22
5945745,27
5945746,73
5945747,196
5945748,38
5945749,98
5945750,18
5945751,55
5945752,12
5945753,21
5945754,8
5945758,256
5945759,480
5945760,128
5945761,429
5945762,401
5945763,396
5945764,41
5945765,113
5945766,601
5945767,545
5945772,150
5945776,22
5945777,198
5945778,256
5945779,332
5945780,72
5945781,8
5945782,202
5945783,627
5945784,175
5945785,137
5945786,1006
5945799,534
5945800,278
5945801,195
5945806,68
5945807,118
5945808,184
5945810,52
5945811,595
5945812,733
5945813,366
5945814,132
5945817,59
5945818,353
5945819,222
5945820,382
5945821,873
5945822,396
5945823,155
5945824,315
5947493,10
5947494,9
5947496,5
5947497,30
5947498,11
5947503,7
5947506,20
5947507,91
5947508,184
5947509,112
5947514,26
5947515,32
5947518,95
5947519,168
5947520,502
5947521,1050
5947522,504
5947523,373
5947524,630
5947525,248
5947526,235
5947527,196
5947528,198
5947529,59
5947530,72
5947531,112
5947532,107
5947533,59
5947534,115
5947535,93
5947536,12
5947541,189
5947542,239
5947543,200
5947544,195
5947545,139
5947549,166
5947550,138
5947551,283
5947552,365
5947553,156
5947554,208
5947556,23
5947557,48
5947562,12
5947565,132
5947566,784
5947567,649
5947568,470
5947569,277
5947570,607
5947571,294
5947572,907
5947573,326
5947574,327
5947575,35
5947577,365
5947578,143
5947582,94
5947583,5
5947584,297
5947586,150
5947587,323
5947588,587
5947589,343
5947590,731
5947591,1379
5947603,291
5947604,91
5947605,235
5947606,229
5947609,160
5947610,167
5947612,579
5947613,444
5947614,251
5947615,735
5947616,170
5947617,367
5947618,367
5947619,183
5947623,71
5947624,200
5947625,208
5947626,734
5947627,163
5947628,369
5947629,476
5947630,301
5947631,110
5949300,17
5949301,10
5949302,8
5949304,5
5949306,18
5949307,183
5949308,130
5949309,112
5949310,130
5949311,55
5949312,6
5949319,101
5949320,196
5949321,413
5949322,242
5949323,234
5949324,832
5949325,180
5949326,169
5949327,167
5949328,149
5949329,194
5949331,54
5949332,170
5949333,59
5949334,26
5949340,5
5949341,5
5949342,86
5949343,232
5949344,180
5949345,200
5949346,199
5949347,110
5949353,311
5949354,439
5949355,195
5949356,53
5949366,17
5949367,48
5949368,53
5949369,231
5949370,77
5949372,765
5949374,678
5949375,317
5949376,729
5949377,152
5949379,90
5949380,1030
5949381,186
5949386,455
5949387,34
5949388,112
5949389,249
5949390,30
5949391,362
5949392,655
5949393,83
5949404,83
5949405,575
5949406,171
5949407,60
5949409,5
5949410,577
5949411,774
5949414,887
5949415,898
5949416,556
5949417,93
5949418,89
5949419,79
5949424,389
5949425,1084
5949426,318
5949427,250
5949428,1087
5949429,647
5949430,450
5949431,808
5949432,1222
5949433,595
5951099,6
5951101,17
5951102,11
5951104,250
5951105,384
5951106,333
5951107,102
5951108,21
5951109,121
5951110,8
5951112,8
5951116,16
5951117,136
5951118,155
5951119,89
5951120,79
5951121,323
5951122,395
5951123,394
5951124,172
5951125,199
5951126,214
5951127,108
5951129,30
5951130,269
5951131,131
5951132,143
5951133,92
5951139,8
5951140,203
5951141,229
5951142,277
5951143,259
5951144,223
5951145,125
5951151,295
5951152,259
5951153,61
5951165,275
5951166,154
5951167,88
5951168,537
5951169,606
5951170,724
5951172,504
5951173,318
5951174,726
5951175,438
5951178,473
5951179,608
5951182,485
5951184,222
5951185,358
5951187,6
5951188,443
5951189,1738
5951190,317
5951202,534
5951203,352
5951204,144
5951206,5
5951208,1119
5951209,256
5951210,452
5951211,99
5951212,188
5951213,287
5951214,172
5951215,142
5951216,178
5951217,30
5951221,110
5951222,550
5951223,794
5951224,243
5951225,85
5951226,1182
5951227,464
5951228,1004
5951229,1316
5951230,463
5951231,639
5952893,12
5952894,37
5952897,195
5952898,232
5952899,377
5952900,377
5952901,183
5952902,224
5952903,106
5952906,9
5952911,31
5952912,94
5952913,106
5952914,154
5952915,198
5952916,61
5952917,251
5952918,223
5952919,220
5952920,233
5952924,13
5952925,174
5952926,140
5952927,114
5952928,55
5952933,14
5952934,53
5952935,96
5952936,210
5952937,137
5952938,83
5952939,195
5952940,38
5952943,56
5952944,59
5952945,53
5952946,44
5952960,135
5952961,240
5952962,855
5952963,1368
5952964,982
5952966,542
5952967,785
5952968,223
5952969,310
5952970,11
5952972,129
5952973,675
5952975,149
5952976,326
5952977,705
5952982,133
5952983,433
5952996,341
5952997,665
5952998,70
5952999,7
5953002,571
5953003,837
5953004,198
5953005,81
5953006,145
5953007,148
5953008,159
5953009,141
5953010,149
5953011,62
5953015,203
5953016,320
5953017,346
5953018,607
5953019,234
5953020,1127
5953021,925
5953022,333
5953023,735
5953024,425
5953025,127
5954682,13
5954683,8
5954684,7
5954686,46
5954687,208
5954688,222
5954689,252
5954690,30
5954694,290
5954695,106
5954701,53
5954702,55
5954703,57
5954704,58
5954706,90
5954707,173
5954708,177
5954709,67
5954714,68
5954715,104
5954716,15
5954717,7
5954718,9
5954723,12
5954724,53
5954725,108
5954726,123
5954727,44
5954728,221
5954729,66
5954730,28
5954732,82
5954733,94
5954734,89
5954735,53
5954736,7
5954750,284
5954751,288
5954752,855
5954753,390
5954754,30
5954755,1485
5954756,1217
5954757,804
5954761,120
5954762,893
5954763,100
5954765,1006
5954766,1327
5954767,51
5954768,1023
5954769,904
5954770,235
5954771,739
5954772,281
5954785,415
5954786,216
5954790,275
5954791,532
5954792,571
5954793,42
5954796,18
5954797,39
5954804,145
5954805,710
5954806,391
5954807,131
5954809,82
5954810,611
5954811,311
5954812,54
5956468,11
5956469,30
5956473,241
5956474,313
5956475,21
5956480,118
5956481,251
5956488,100
5956489,58
5956493,129
5956501,14
5956503,26
5956504,77
5956505,45
5956507,255
5956509,159
5956510,229
5956511,236
5956512,137
5956513,119
5956514,214
5956515,160
5956516,200
5956518,68
5956519,113
5956520,49
5956521,157
5956536,43
5956537,184
5956538,143
5956539,8
5956540,8
5956542,845
5956543,681
5956544,1109
5956545,185
5956547,24
5956548,30
5956549,318
5956551,1087
5956552,445
5956553,8
5956554,408
5956555,1243
5956556,1189
5956557,1031
5956558,637
5956559,62
5956570,165
5956571,1056
5956572,76
5956573,14
5956574,8
5956576,222
5956577,140
5956578,263
5956579,68
5956580,74
5956589,138
5956590,337
5956591,284
5956592,268
5956593,21
5958249,6
5958250,27
5958251,7
5958255,128
5958256,131
5958260,6
5958261,24
5958262,360
5958263,163
5958271,8
5958272,5
5958285,70
5958286,88
5958287,23
5958288,337
5958289,551
5958291,19
5958292,18
5958293,75
5958294,71
5958295,177
5958296,230
5958297,73
5958298,140
5958299,58
5958300,107
5958301,128
5958302,124
5958303,374
5958304,6
5958309,49
5958310,1041
5958311,293
5958321,25
5958322,37
5958324,156
5958325,354
5958326,421
5958327,549
5958328,432
5958330,15
5958332,73
5958333,1050
5958334,902
5958336,54
5958337,922
5958338,885
5958339,571
5958340,75
5958341,134
5958352,170
5958353,189
5958354,487
5958355,205
5958356,502
5958357,506
5958359,5
5958361,205
5958362,180
5958363,47
5958371,22
5958372,86
5958373,184
5958376,12
5958380,5
5960027,9
5960030,11
5960031,37
5960032,294
5960033,44
5960034,66
5960035,12
5960036,15
5960037,6
5960040,79
5960041,8
5960062,11
5960063,79
5960064,26
5960066,100
5960067,727
5960071,119
5960072,106
5960073,169
5960074,170
5960075,14
5960076,203
5960077,517
5960078,129
5960079,296
5960080,363
5960081,234
5960082,5
5960088,478
5960089,663
5960094,13
5960095,32
5960096,11
5960099,7
5960100,9
5960103,74
5960105,289
5960106,1915
5960107,319
5960111,206
5960112,1797
5960113,1076
5960114,191
5960115,383
5960116,587
5960117,1397
5960118,498
5960127,97
5960129,11
5960130,545
5960131,1025
5960132,940
5960133,744
5960134,7
5960135,191
5960136,171
5960137,211
5960138,263
5960139,204
5960140,174
5960155,17
5960157,5
5961804,38
5961805,105
5961806,7
5961807,52
5961808,42
5961809,70
5961810,57
5961811,295
5961813,138
5961814,137
5961815,45
5961822,10
5961825,68
5961826,7
5961830,8
5961835,7
5961836,28
5961837,5
5961840,42
5961841,859
5961842,463
5961844,25
5961845,218
5961846,152
5961849,31
5961850,270
5961851,258
5961852,220
5961853,120
5961854,324
5961855,349
5961862,718
5961867,32
5961868,95
5961869,55
5961876,15
5961877,22
5961879,153
5961880,1100
5961881,1854
5961886,147
5961887,1016
5961888,1953
5961889,2055
5961890,877
5961891,1477
5961898,34
5961899,94
5961900,334
5961901,463
5961902,114
5961904,214
5961905,574
5961906,848
5961907,1417
5961910,74
5961911,14
5961912,149
5961913,170
5961914,84
5961919,5
5961928,32
5961930,6
5963575,7
5963577,5
5963578,59
5963579,82
5963580,82
5963581,110
5963582,5
5963583,153
5963584,56
5963590,14
5963591,51
5963592,305
5963593,88
5963594,94
5963595,156
5963596,186
5963597,6
5963598,84
5963599,35
5963600,15
5963601,7
5963610,27
5963611,148
5963614,62
5963615,177
5963616,14
5963620,151
5963621,247
5963622,241
5963623,388
5963624,97
5963625,286
5963626,279
5963627,76
5963631,63
5963632,79
5963636,50
5963637,144
5963638,67
5963639,19
5963649,678
5963650,1563
5963651,1082
5963652,286
5963655,63
5963656,569
5963657,886
5963658,1687
5963659,1826
5963660,1898
5963661,1191
5963664,229
5963665,461
5963667,41
5963668,66
5963669,129
5963670,337
5963671,607
5963672,375
5963673,40
5963675,375
5963676,919
5963677,374
5963679,46
5963680,69
5963681,180
5963682,108
5963683,27
5965344,43
5965345,8
5965346,28
5965347,58
5965351,10
5965356,127
5965357,180
5965358,271
5965359,221
5965360,213
5965361,216
5965362,116
5965363,145
5965364,162
5965366,7
5965368,10
5965369,6
5965370,8
5965378,7
5965379,105
5965380,10
5965382,151
5965383,38
5965385,9
5965387,296
5965388,252
5965389,119
5965390,159
5965391,219
5965392,85
5965393,135
5965394,55
5965395,7
5965397,78
5965398,198
5965400,24
5965401,173
5965402,53
5965403,26
5965417,958
5965418,1449
5965421,354
5965422,2118
5965423,1742
5965424,1453
5965425,1527
5965426,1827
5965430,1031
5965431,488
5965433,24
5965434,160
5965435,180
5965436,309
5965437,114
5965438,76
5965441,79
5965442,188
5965444,144
5965445,84
5965446,345
5965447,419
5965448,246
5967098,6
5967099,15
5967100,40
5967101,29
5967102,22
5967104,9
5967110,96
5967111,234
5967112,153
5967113,242
5967114,173
5967115,274
5967116,209
5967117,179
5967118,41
5967119,186
5967120,25
5967121,7
5967122,5
5967129,176
5967130,438
5967131,116
5967132,101
5967133,226
5967134,41
5967136,66
5967137,262
5967138,15
5967141,29
5967142,151
5967143,132
5967144,130
5967146,84
5967147,375
5967148,335
5967154,162
5967155,246
5967156,130
5967157,101
5967170,229
5967171,244
5967172,1110
5967174,13
5967175,30
5967176,100
5967177,1548
5967178,2362
5967179,836
5967184,306
5967189,35
5967190,29
5967191,66
5967192,49
5967200,415
5967201,357
5967202,523
5968739,13
5968740,29
5968741,14
5968742,13
5968743,46
5968744,105
5968745,158
5968748,99
5968749,176
5968750,69
5968753,121
5968754,244
5968755,179
5968756,290
5968757,61
5968759,70
5968760,52
5968761,153
5968762,189
5968763,43
5968767,154
5968770,600
5968771,719
5968772,737
5968773,540
5968774,293
5968775,133
5968776,132
5968777,65
5968780,236
5968781,206
5968782,362
5968785,174
5968786,367
5968787,268
5968788,33
5968789,38
5968790,132
5968791,518
5968792,153
5968793,183
5968798,9
5968799,114
5968800,21
5968812,214
5968813,152
5968814,973
5968815,1567
5968816,380
5968818,18
5968820,221
5968821,1430
5968822,772
5968823,1272
5968834,80
5968835,66
5968841,14
5968842,376
5968843,190
5968844,342
5968845,296
5968846,118
5970379,5
5970380,6
5970381,25
5970382,15
5970385,99
5970386,151
5970387,407
5970389,262
5970390,137
5970391,103
5970392,111
5970393,135
5970394,54
5970395,235
5970396,247
5970397,84
5970401,319
5970402,202
5970403,155
5970404,68
5970405,19
5970406,27
5970407,210
5970408,194
5970410,16
5970411,526
5970412,697
5970413,435
5970414,177
5970415,184
5970416,181
5970417,258
5970418,168
5970421,187
5970422,165
5970423,321
5970425,266
5970426,406
5970427,367
5970428,172
5970429,261
5970431,18
5970432,5
5970433,15
5970434,269
5970441,29
5970442,24
5970454,334
5970455,2133
5970456,1831
5970457,738
5970459,16
5970460,177
5970461,814
5970462,225
5970464,318
5970479,9
5970481,184
5970482,178
5970483,555
5970484,212
5970486,6
5972021,5
5972022,13
5972024,19
5972025,111
5972026,299
5972027,358
5972028,281
5972029,63
5972030,118
5972031,164
5972032,146
5972033,164
5972034,132
5972035,15
5972036,64
5972037,112
5972038,28
5972039,46
5972040,178
5972041,233
5972042,33
5972043,68
5972044,235
5972045,86
5972047,104
5972048,81
5972049,38
5972050,118
5972051,486
5972052,814
5972053,460
5972054,343
5972055,381
5972056,203
5972057,75
5972058,35
5972059,17
5972060,605
5972061,78
5972063,204
5972064,778
5972065,70
5972066,219
5972067,414
5972068,92
5972069,624
5972070,205
5972071,406
5972073,85
5972074,213
5972081,19
5972082,63
5972094,457
5972095,1957
5972096,1610
5972097,822
5972099,34
5972100,14
5972102,716
5972103,1762
5972104,457
5972108,7
5972117,78
5972118,77
5972120,182
5972121,315
5972122,369
5972123,260
5972124,239
5972125,10
5973660,15
5973661,76
5973662,37
5973663,112
5973664,73
5973665,645
5973666,74
5973668,51
5973670,166
5973671,162
5973672,94
5973673,133
5973674,155
5973675,118
5973676,67
5973677,181
5973678,236
5973679,244
5973681,34
5973682,225
5973683,47
5973686,99
5973687,113
5973688,133
5973689,107
5973690,537
5973691,793
5973692,281
5973693,237
5973694,181
5973695,10
5973696,119
5973697,350
5973698,124
5973700,535
5973701,86
5973702,23
5973703,161
5973704,220
5973705,265
5973706,169
5973708,703
5973709,286
5973719,68
5973720,34
5973732,34
5973733,774
5973734,1484
5973735,681
5973738,198
5973739,77
5973740,890
5973741,1863
5973742,303
5973755,94
5973756,76
5973757,126
5973758,356
5973759,414
5973760,211
5973761,114
5973762,62
5973763,63
5973764,6
5975297,25
5975298,21
5975300,11
5975301,60
5975302,387
5975303,297
5975307,73
5975308,57
5975309,110
5975310,109
5975311,149
5975312,86
5975313,138
5975314,127
5975315,105
5975316,238
5975317,331
5975318,47
5975319,100
5975320,112
5975321,18
5975323,44
5975324,158
5975325,126
5975326,124
5975327,132
5975328,325
5975329,202
5975330,299
5975331,257
5975333,5
5975334,5
5975335,82
5975336,189
5975337,289
5975338,315
5975339,200
5975340,33
5975341,35
5975342,68
5975343,103
5975344,43
5975345,12
5975356,286
5975357,29
5975370,803
5975371,1335
5975372,190
5975375,37
5975376,251
5975377,26
5975378,1160
5975379,201
5975392,63
5975395,793
5975396,483
5975397,216
5975398,142
5975399,148
5975400,137
5975404,8
5975405,91
5975406,14
5976934,70
5976935,331
5976936,94
5976937,19
5976941,75
5976942,119
5976943,134
5976944,102
5976945,133
5976946,165
5976947,143
5976948,123
5976949,125
5976950,139
5976951,156
5976952,109
5976953,121
5976954,13
5976957,44
5976958,74
5976959,95
5976960,223
5976961,298
5976962,377
5976963,120
5976964,902
5976965,7
5976967,63
5976968,207
5976969,242
5976970,216
5976971,438
5976972,305
5976973,157
5976974,126
5976975,332
5976976,314
5976977,155
5976978,53
5976989,550
5976990,11
5976994,146
5977001,23
5977003,52
5977004,1208
5977005,1388
5977006,312
5977007,121
5977008,11
5977010,8
5977011,26
5977012,386
5977013,973
5977014,48
5977015,508
5977016,112
5977028,439
5977029,470
5977030,772
5977031,74
5977032,259
5977033,37
5977038,79
5977039,170
5978565,65
5978566,92
5978567,17
5978568,8
5978571,10
5978572,83
5978573,128
5978574,105
5978575,83
5978576,81
5978577,124
5978578,173
5978579,141
5978580,167
5978581,115
5978582,123
5978583,169
5978584,67
5978585,11
5978590,251
5978591,17
5978592,44
5978593,518
5978594,1166
5978595,572
5978597,566
5978598,108
5978599,51
5978600,219
5978601,349
5978602,93
5978603,99
5978604,125
5978605,70
5978606,70
5978607,106
5978608,140
5978609,11
5978615,5
5978619,13
5978620,642
5978621,131
5978624,102
5978625,75
5978626,166
5978627,139
5978632,230
5978633,501
5978634,572
5978635,1767
5978636,1215
5978637,1036
5978638,163
5978639,15
5978640,101
5978643,57
5978644,887
5978645,550
5978646,768
5978660,132
5978661,377
5978662,430
5978663,187
5978664,21
5978667,11
5978668,79
5978669,140
5978670,145
5978672,12
5980196,22
5980197,55
5980199,13
5980200,43
5980201,87
5980202,24
5980204,65
5980205,107
5980206,170
5980207,173
5980208,127
5980209,121
5980210,117
5980211,101
5980213,10
5980217,15
5980218,286
5980219,220
5980220,376
5980221,353
5980222,956
5980223,1039
5980224,245
5980225,133
5980226,212
5980227,184
5980228,176
5980229,183
5980230,234
5980231,102
5980232,244
5980233,298
5980234,205
5980235,91
5980236,32
5980248,502
5980249,448
5980250,157
5980251,300
5980252,514
5980253,717
5980254,669
5980255,725
5980256,232
5980258,233
5980259,432
5980260,908
5980261,679
5980262,560
5980263,1176
5980264,669
5980265,1073
5980266,1066
5980267,758
5980268,480
5980269,293
5980273,238
5980289,401
5980290,449
5980291,136
5980292,189
5980293,98
5980294,102
5980295,94
5980296,74
5980297,315
5980298,120
5980299,26
5980300,19
5981822,485
5981823,586
5981826,56
5981830,186
5981831,162
5981832,63
5981833,57
5981834,101
5981835,32
5981838,236
5981839,71
5981843,10
5981844,181
5981845,202
5981846,948
5981847,1061
5981848,749
5981849,416
5981850,109
5981851,228
5981852,37
5981853,118
5981854,51
5981855,307
5981856,147
5981857,191
5981858,237
5981859,204
5981860,87
5981873,298
5981874,406
5981875,47
5981876,648
5981877,359
5981878,1111
5981879,778
5981880,840
5981881,450
5981884,298
5981885,984
5981886,1390
5981887,779
5981889,243
5981890,1297
5981891,1767
5981892,756
5981893,628
5981894,215
5981895,94
5981915,137
5981916,227
5981917,106
5981918,122
5981919,213
5981920,150
5981921,77
5981922,71
5981923,45
5983444,265
5983445,722
5983446,393
5983447,825
5983448,193
5983452,14
5983453,15
5983454,23
5983458,26
5983460,46
5983461,277
5983465,69
5983466,527
5983467,880
5983468,646
5983469,533
5983470,347
5983471,573
5983472,188
5983473,39
5983474,171
5983475,153
5983476,34
5983477,121
5983478,12
5983479,15
5983480,57
5983495,233
5983496,232
5983497,455
5983498,731
5983499,409
5983500,830
5983502,117
5983505,145
5983506,534
5983507,884
5983508,1023
5983509,1462
5983511,558
5983512,1696
5983513,2013
5983514,2026
5983515,1617
5983516,485
5983517,265
5983537,7
5983538,65
5983539,24
5983540,5
5983541,119
5983542,174
5983543,68
5983545,72
5983546,77
5983547,21
5985064,251
5985065,823
5985066,303
5985067,992
5985068,66
5985070,169
5985071,7
5985072,114
5985073,81
5985076,23
5985077,91
5985078,25
5985080,12
5985085,59
5985086,350
5985087,153
5985088,607
5985089,620
5985090,174
5985091,332
5985092,80
5985093,231
5985114,117
5985115,162
5985116,400
5985117,137
5985118,395
5985119,671
5985120,701
5985125,456
5985127,601
5985130,152
5985131,1179
5985132,469
5985133,1275
5985134,2117
5985135,870
5985136,89
5985137,147
5985156,6
5985161,31
5985162,5
5985163,11
5985164,24
5985166,31
5986681,761
5986682,184
5986683,593
5986684,418
5986685,516
5986686,191
5986687,377
5986688,163
5986689,246
5986690,6
5986691,15
5986692,6
5986693,293
5986694,164
5986695,32
5986696,113
5986697,16
5986701,234
5986702,192
5986703,212
5986704,207
5986705,221
5986706,136
5986707,50
5986708,21
5986709,9
5986734,341
5986735,366
5986736,633
5986737,392
5986745,6
5986747,213
5986748,291
5986749,379
5986750,521
5986753,34
5986780,12
5988294,417
5988295,598
5988296,300
5988297,742
5988298,597
5988299,165
5988300,79
5988301,103
5988302,77
5988303,102
5988304,62
5988305,12
5988306,564
5988307,191
5988308,279
5988309,302
5988310,75
5988316,66
5988317,119
5988318,184
5988319,179
5988320,13
5988347,448
5988348,805
5988349,1180
5988350,67
5988384,44
5988385,232
5988386,91
5988387,14
5989904,190
5989905,320
5989906,379
5989907,333
5989908,234
5989911,45
5989912,94
5989913,156
5989914,73
5989916,91
5989917,56
5989918,40
5989919,182
5989920,147
5989925,47
5989926,235
5989927,222
5989928,162
5989929,204
5989957,138
5989958,960
5989959,1136
5989960,433
5991512,213
5991513,300
5991514,320
5991515,293
5991517,204
5991518,302
5991519,199
5991520,72
5991521,103
5991522,94
5991523,88
5991524,89
5991525,100
5991526,51
5991527,116
5991535,21
5991536,36
5991564,19
5991565,5
5991586,47
5991588,62
5991589,130
5993117,95
5993118,439
5993119,473
5993120,163
5993121,57
5993122,277
5993123,657
5993124,899
5993126,81
5993127,118
5993128,64
5993129,6
5993191,52
5993192,10
5993193,25
5993194,170
5994718,157
5994719,174
5994722,310
5994723,618
5994724,175
5994725,272
5994726,55
5994727,61
5994793,16
5994794,56
5994795,94
5994796,7
5996314,7
5996315,150
5996316,239
5996317,257
5996318,717
5996319,825
5996320,107
5996321,54
5996388,5
5996389,27
5997902,206
5997903,129
5997904,45
5997905,46
5997906,66
5997907,80
5997908,30
5997974,20
5999478,70
5999479,60
5999480,11
5999481,122
5999482,61
5999487,10
5999492,19
6001050,15
6001051,89
6001052,6
6001053,91
6001054,16
6001058,6
6001059,28
6001060,20
6001062,7
6002620,60
6002621,84
6002622,75
6002623,156
6002624,140
6002625,6
6002627,5
6002628,19
6002629,5
6002630,15
6002631,11
6002632,5
6002633,5
6002634,6
6002635,13
6004190,7
6004191,62
6004192,54
6004196,8
6004197,10
6004198,30
6004199,7
6004200,14
6004203,8
6004204,11
6004205,13
6005757,10
6005758,29
6005759,25
6005760,9
6005766,10
6005767,16
6005770,6
6005773,10
6007323,20
6007324,8
6007325,6
6007333,21
6007334,13
6007335,18
6007337,11
6007338,8
6008887,9
6008888,7
6008889,16
6008892,24
6008893,9
6008895,8
6008896,10
6008899,6
6008901,5
6010453,8
6010456,9
6010457,5
6010460,8
6010461,10
6010462,7
6010463,12
6012019,10
6012020,5
6012025,11
6013577,7
6013578,15
6015142,5
